{"x":{"0":82.2716552071,"1":16.0487732887,"2":-29.6885067683,"3":81.0110759735,"4":13.7808392578,"5":-20.6806851149,"6":83.2377636968,"7":1.1704194329,"8":-26.3780464026,"9":82.9722847572,"10":3.5793459416,"11":-28.3807095438},"y":{"0":-19.4883757052,"1":-22.5881223679,"2":-25.301849959,"3":-19.1991499424,"4":-34.5364229414,"5":-39.7259483496,"6":-20.1767008256,"7":-49.3375414068,"8":-30.9190159394,"9":-18.980773559,"10":-84.2254562378,"11":-31.5407124758},"size":{"0":78,"1":69,"2":54,"3":90,"4":60,"5":27,"6":147,"7":78,"8":33,"9":39,"10":24,"11":9},"quarter":{"0":"q1","1":"q1","2":"q1","3":"q2","4":"q2","5":"q2","6":"q3","7":"q3","8":"q3","9":"q4","10":"q4","11":"q4"},"label":{"0":"0","1":"1","2":"2","3":"0","4":"1","5":"2","6":"0","7":"1","8":"2","9":"0","10":"1","11":"2"},"x_new":{"0":1.3,"1":2.1,"2":3.6,"3":1.3,"4":2.1,"5":3.6,"6":1.3,"7":2.1,"8":3.6,"9":1.3,"10":2.1,"11":3.6},"y_new":{"0":3.7,"1":1.2,"2":2.6,"3":3.7,"4":1.2,"5":2.6,"6":3.7,"7":1.2,"8":2.6,"9":3.7,"10":1.2,"11":2.6}}